{"cameraMode":{"drawMode":0,"name":"Shaded","section":"Shading Mode"},"sceneLighting":true,"audioPlay":false,"sceneViewState":{"m_AlwaysRefresh":false,"showFog":true,"showSkybox":true,"showFlares":true,"showImageEffects":true,"showParticleSystems":true,"showVisualEffectGraphs":true,"m_FxEnabled":true},"in2DMode":false,"pivot":{"x":2.1878859996795656,"y":1.1966848373413087,"z":-0.18033045530319215},"rotation":{"x":0.07915422320365906,"y":-0.44319450855255129,"z":0.03932518512010574,"w":0.8920594453811646},"size":2.392749547958374,"orthographic":false}