{"cameraMode":{"drawMode":0,"name":"Shaded","section":"Shading Mode"},"sceneLighting":false,"audioPlay":false,"sceneViewState":{"m_AlwaysRefresh":false,"showFog":true,"showSkybox":false,"showFlares":true,"showImageEffects":true,"showParticleSystems":true,"showVisualEffectGraphs":true,"m_FxEnabled":true},"in2DMode":false,"pivot":{"x":1.6617066860198975,"y":0.9520000219345093,"z":-0.3478877544403076},"rotation":{"x":0.14643119275569917,"y":0.023143621161580087,"z":-0.0034269269090145828,"w":0.9889447093009949},"size":1.2247449159622193,"orthographic":false}